player_name,position_name,times_drafted,round_number,rookie_pick_number,pick_band
A.J. Brown,WR,56448,,,
A.J. Green,WR,5,,,
A.T. Perry,WR,745,6,195,MiddlePicks
AJ Dillon,RB,56448,,,
AJ McCarron,QB,1,,,
Aaron Jones,RB,56448,,,
Aaron Rodgers,QB,56448,,,
Aaron Shampklin,RB,1,,,
Abram Smith,RB,3,,,
Adam Thielen,WR,56448,,,
Adam Trautman,TE,1210,,,
Adrian Peterson,RB,1,,,
Aidan O'Connell,QB,246,4,135,MiddlePicks
Albert Okwuegbunam,TE,269,,,
Alec Ingold,FB,1,,,
Alec Pierce,WR,56447,,,
Alex Collins,RB,1,,,
Alex McGough,QB,5,,,
Alexander Hollins,WR,1,,,
Alexander Mattison,RB,56448,,,
Alize Mack,TE,1,,,
Allen Lazard,WR,56448,,,
Allen Robinson II,WR,14335,,,
Alvin Kamara,RB,56448,,,
Amari Cooper,WR,56448,,,
Amari Rodgers,WR,4,,,
Ameer Abdullah,RB,16,,,
Amon-Ra St. Brown,WR,56448,,,
Andrei Iosivas,WR,125,6,206,LatePicks
Andrew Ogletree,TE,8,,,
Andy Dalton,QB,13,,,
Andy Isabella,WR,18,,,
Anthony Gordon,QB,1,,,
Anthony McFarland,RB,20,,,
Anthony Richardson,QB,56448,1,4,TopPicks
Anthony Schwartz,WR,2,,,
Antoine Green,WR,14,7,219,LatePicks
Antoine Winfield,WR,1,,,
Antonio Brown,WR,42,,,
Antonio Gibson,RB,56448,,,
Armani Rogers,TE,1,,,
Ashton Dulin,WR,31,,,
Austin Ekeler,RB,56448,,,
Austin Hooper,TE,313,,,
Austin Walter,RB,1,,,
Austin Watkins,WR,30,,,
Avery Williams,RB,2,,,
Bailey Zappe,QB,41,,,
Baker Mayfield,QB,12610,,,
Ben Sims,TE,2,,,
Ben Skowronek,WR,102,,,
Bijan Robinson,RB,56448,1,8,TopPicks
Blaine Gabbert,QB,17,,,
Blake Bell,TE,6,,,
Boston Scott,RB,215,,,
Brandin Cooks,WR,56448,,,
Brandon Aiyuk,WR,56448,,,
Brandon Bolden,RB,3,,,
Brandon Johnson,WR,29,,,
Braxton Berrios,WR,1650,,,
Brayden Willis,TE,1,7,247,LatePicks
Breece Hall,RB,56448,,,
Brenden Knox,RB,1,,,
Brenton Strange,TE,57,2,61,TopPicks
Breshad Perriman,WR,3,,,
Brevin Jordan,TE,15,,,
Brian Hill,RB,1,,,
Brian Hoyer,QB,3,,,
Brian Robinson Jr.,RB,56448,,,
Brittain Brown,RB,1,,,
Brock Purdy,QB,54567,,,
Brock Wright,TE,76,,,
Bryan Edwards,WR,13,,,
Bryant Koback,RB,1,,,
Bryce Ford-Wheaton,WR,42,,,
Bryce Love,RB,1,,,
Bryce Young,QB,55121,1,1,TopPicks
Brycen Hopkins,TE,8,,,
Buddy Howell,RB,1,,,
Byron Pringle,WR,1,,,
C.J. Beathard,QB,2,,,
C.J. Stroud,QB,45636,1,2,TopPicks
C.J. Uzomah,TE,186,,,
CJ Verdell,RB,1,,,
Cade Johnson,WR,1,,,
Cade Otton,TE,13590,,,
Calvin Austin III,WR,6615,,,
Calvin Ridley,WR,56448,,,
Cam Akers,RB,56448,,,
Cam Newton,QB,2,,,
Cam Sims,WR,2,,,
Cameron Latu,TE,13,3,101,TopPicks
Cameron Scarlett,RB,1,,,
Carson Wentz,QB,10,,,
Case Keenum,QB,1,,,
Cedric Tillman,WR,8815,3,74,TopPicks
Cedrick Wilson,WR,340,,,
CeeDee Lamb,WR,56448,,,
Chandler Cox,FB,1,,,
Charleston Rambo,WR,2,,,
Charlie Jones,WR,842,4,131,MiddlePicks
Charlie Kolar,TE,11,,,
Charlie Woerner,TE,1,,,
Chase Allen,TE,2,,,
Chase Brown,RB,35355,5,163,MiddlePicks
Chase Claypool,WR,38244,,,
Chase Edmonds,RB,1653,,,
Cheyenne O'Grady,TE,1,,,
Chig Okonkwo,TE,56448,,,
Chris Carson,RB,1,,,
Chris Conley,WR,3,,,
Chris Evans,RB,4111,,,
Chris Godwin,WR,56448,,,
Chris Moore,WR,35,,,
Chris Olave,WR,56448,,,
Chris Rodriguez,RB,519,6,193,MiddlePicks
Christian Kirk,WR,56448,,,
Christian McCaffrey,RB,56448,,,
Christian Watson,WR,56448,,,
Chuba Hubbard,RB,55273,,,
Clayton Tune,QB,85,5,139,MiddlePicks
Clyde Edwards-Helaire,RB,36035,,,
Cody Thompson,WR,1,,,
Colby Parkinson,TE,92,,,
Cole Beasley,WR,76,,,
Cole Fotheringham,TE,1,,,
Cole Kelley,QB,1,,,
Cole Kmet,TE,56448,,,
Cole Turner,TE,3712,,,
Colin Kaepernick,QB,3,,,
Collin Johnson,WR,2,,,
Colt McCoy,QB,58,,,
Colton Dowell,WR,5,7,228,LatePicks
Connor Heyward,TE,19,,,
Cooper Kupp,WR,56448,,,
Cooper Rush,QB,16,,,
Cordarrelle Patterson,RB,27357,,,
Corey Clement,RB,6,,,
Corey Davis,WR,9411,,,
Cornell Powell,WR,1,,,
Courtland Sutton,WR,56448,,,
Craig Reynolds,RB,8,,,
Curtis Samuel,WR,56367,,,
D'Andre Swift,RB,56448,,,
D'Ernest Johnson,RB,175,,,
D'Onta Foreman,RB,53928,,,
D.J. Montgomery,WR,1,,,
DJ Chark Jr.,WR,56434,,,
DJ Moore,WR,56448,,,
DJ Turner,WR,1,2,60,TopPicks
DK Metcalf,WR,56448,,,
Dak Prescott,QB,56448,,,
Dallas Goedert,TE,56448,,,
Dalton Keene,TE,1,,,
Dalton Kincaid,TE,56448,1,25,TopPicks
Dalton Schultz,TE,56448,,,
Dalvin Cook,RB,56448,,,
Dameon Pierce,RB,56448,,,
Damien Harris,RB,56448,,,
Damien Williams,RB,16,,,
Damiere Byrd,WR,2,,,
Dan Arnold,TE,17,,,
Daniel Bellinger,TE,835,,,
Daniel Jones,QB,56448,,,
Danny Amendola,WR,1,,,
Danny Gray,WR,77,,,
Dante Pettis,WR,5,,,
Dare Ogunbowale,RB,2,,,
Darius Slayton,WR,45067,,,
Darnell Mooney,WR,56448,,,
Darnell Washington,TE,1632,3,93,TopPicks
Darrell Henderson,RB,2,,,
Darren Waller,TE,56448,,,
Darrynton Evans,RB,3,,,
Daurice Fountain,WR,1,,,
Davante Adams,WR,56448,,,
David Bell,WR,31,,,
David Montgomery,RB,56448,,,
David Njoku,TE,56448,,,
Davis Allen,TE,9,5,175,MiddlePicks
Davis Mills,QB,5,,,
Dawson Knox,TE,56074,,,
De'Von Achane,RB,56448,3,84,TopPicks
DeAndre Carter,WR,18,,,
DeAndre Hopkins,WR,56448,,,
DeSean Jackson,WR,1,,,
DeVante Parker,WR,42560,,,
DeVonta Smith,WR,56448,,,
DeWayne McBride,RB,5774,7,222,LatePicks
Dee Eskridge,WR,12,,,
Dee Wiggins,WR,1,,,
DeeJay Dallas,RB,59,,,
Deebo Samuel,WR,56448,,,
Demarcus Robinson,WR,63,,,
Demario Douglas,WR,719,6,210,LatePicks
Demetric Felton,RB,42,,,
Deneric Prince,RB,2245,,,
Denzel Mims,WR,414,,,
Deon Jackson,RB,18956,,,
Deonte Harty,WR,5701,,,
Derek Carr,QB,56444,,,
Derius Davis,WR,82,4,125,MiddlePicks
Derrick Deese,TE,1,,,
Derrick Henry,RB,56448,,,
Derrius Guice,RB,1,,,
Deshaun Watson,QB,56448,,,
Desmond Ridder,QB,35312,,,
Deuce Vaughn,RB,26924,6,212,LatePicks
Deuce Watts,WR,1,,,
Deven Thompkins,WR,2,,,
Devin Asiasi,TE,1,,,
Devin Duvernay,WR,439,,,
Devin Funchess,TE,1,,,
Devin Singletary,RB,56426,,,
Devon Allen,WR,6,,,
Devonta Freeman,RB,2,,,
Dexter Williams,RB,1,,,
Dez Bryant,WR,3,,,
Dez Fitzpatrick,WR,1,,,
Dion Lewis,RB,1,,,
Diontae Johnson,WR,56448,,,
Dominique Dafney,TE,1,,,
Donald Parham Jr.,TE,347,,,
Donovan Peoples-Jones,WR,56441,,,
Dontayvion Wicks,WR,85,5,159,MiddlePicks
Dontrell Hilliard,RB,2,,,
Dorian Thompson-Robinson,QB,67,5,140,MiddlePicks
Drake London,WR,56448,,,
Dre Miller,TE,1,,,
Drew Brees,QB,1,,,
Drew Lock,QB,16,,,
Drew Sample,TE,6,,,
Durham Smythe,TE,2437,,,
Dwayne Haskins,QB,5,,,
Dwayne Washington,RB,1,,,
Dyami Brown,WR,847,,,
Easton Stick,QB,6,,,
Elijah Cooks,WR,3,,,
Elijah Higgins,WR,221,6,197,MiddlePicks
Elijah Holyfield,RB,1,,,
Elijah Mitchell,RB,56448,,,
Elijah Moore,WR,56448,,,
Emeka Emezie,WR,1,,,
Eno Benjamin,RB,5,,,
Equanimeous St. Brown,WR,17,,,
Eric Gray,RB,1264,5,172,MiddlePicks
Eric Saubert,TE,1,,,
Erik Ezukanma,WR,29,,,
Evan Engram,TE,56448,,,
Evan Hull,RB,11034,5,176,MiddlePicks
Ezekiel Elliott,RB,56263,,,
Feleipe Franks,TE,2,,,
Foster Moreau,TE,424,,,
Frank Darby,WR,1,,,
Freddie Swain,WR,2,,,
Gabe Davis,WR,56448,,,
Gardner Minshew II,QB,139,,,
Garrett Wilson,WR,56448,,,
Gary Brightwell,RB,2,,,
Gary Jennings,WR,1,,,
Geno Smith,QB,56448,,,
George Kittle,TE,56448,,,
George Pickens,WR,56448,,,
Gerald Everett,TE,56447,,,
Gerrit Prince,TE,1,,,
Giovanni Ricci,TE,1,,,
Godwin Igwebuike,RB,1,,,
Grant Calcaterra,TE,1,,,
Grant DuBose,WR,2,7,256,LatePicks
Grant Gunnell,QB,1,,,
Grayson Gunter,TE,1,,,
Greg Dortch,WR,3453,,,
Greg Dulcich,TE,56442,,,
Greg Olsen,TE,3,,,
Gus Edwards,RB,53977,,,
Hakeem Butler,TE,12,,,
Harrison Bryant,TE,51,,,
Hassan Haskins,RB,59,,,
Hayden Hurst,TE,49432,,,
Hendon Hooker,QB,27,3,68,TopPicks
Henry Ruggs,WR,3,,,
Hunter Bryant,TE,1,,,
Hunter Henry,TE,36235,,,
Hunter Long,TE,4,,,
Hunter Luepke,RB,23,,,
Hunter Renfrow,WR,54305,,,
Ian Book,QB,2,,,
Ihmir Smith-Marsette,WR,27,,,
Irv Smith Jr.,TE,56355,,,
Isaiah Ford,WR,1,,,
Isaiah Hodgins,WR,56287,,,
Isaiah Likely,TE,39655,,,
Isaiah McKenzie,WR,299,,,
Isaiah Spiller,RB,1637,,,
Isiah Pacheco,RB,56448,,,
Israel Abanikanda,RB,5538,5,143,MiddlePicks
J.D. McKissic,RB,14,,,
J.J. Taylor,RB,3,,,
J.K. Dobbins,RB,56448,,,
Ja'Marr Chase,WR,56448,,,
JaMycal Hasty,RB,55,,,
JaQuan Hardy,RB,1,,,
Jack Stoll,TE,2,,,
Jacob Copeland,WR,4,,,
Jacoby Brissett,QB,563,,,
Jacques Patrick,RB,1,,,
Jaden Walley,WR,1,,,
Jahan Dotson,WR,56448,,,
Jahmyr Gibbs,RB,56448,1,12,TopPicks
Jake Bargas,FB,2,,,
Jake Bobo,WR,91,,,
Jake Browning,QB,11,,,
Jake Ferguson,TE,45674,,,
Jake Fromm,QB,1,,,
Jake Haener,QB,1,4,127,MiddlePicks
Jakobi Meyers,WR,56448,,,
Jalen Brooks,WR,3,7,244,LatePicks
Jalen Guyton,WR,64,,,
Jalen Hurd,WR,2,,,
Jalen Hurts,QB,56448,,,
Jalen Nailor,WR,105,,,
Jalen Reagor,WR,31,,,
Jalen Tolbert,WR,721,,,
Jalen Virgil,WR,2,,,
Jalin Hyatt,WR,55021,3,73,TopPicks
Jamaal Williams,RB,56448,,,
Jamal Agnew,WR,208,,,
Jameis Winston,QB,31,,,
James Conner,RB,56448,,,
James Cook,RB,56448,,,
James Mitchell,TE,9,,,
James Robinson,RB,3414,,,
James Washington,WR,4,,,
Jameson Williams,WR,56448,,,
Jamison Crowder,WR,6,,,
Jared Bernhardt,WR,1,,,
Jared Cook,TE,1,,,
Jared Goff,QB,56448,,,
Jared Pinkney,TE,1,,,
Jaren Hall,QB,7,5,164,MiddlePicks
Jaret Patterson,RB,3,,,
Jarrett Stidham,QB,59,,,
Jarvis Landry,WR,22,,,
Jashaun Corbin,RB,2,,,
Jauan Jennings,WR,857,,,
Javonte Williams,RB,56448,,,
Jaxon Smith-Njigba,WR,56448,1,20,TopPicks
Jayden Reed,WR,56098,2,50,TopPicks
Jaydon Mickens,WR,1,,,
Jaylen Waddle,WR,56448,,,
Jaylen Warren,RB,56447,,,
Jaylon Moore,WR,1,,,
Jeff Driskel,QB,2,,,
Jeff Wilson Jr.,RB,55922,,,
Jelani Woods,TE,15841,,,
Jeremiah Haydel,WR,1,,,
Jeremy Ruckert,TE,61,,,
Jerick McKinnon,RB,55960,,,
Jerome Ford,RB,52864,,,
Jerry Jeudy,WR,56448,,,
Jester Weah,WR,1,,,
Jimmy Garoppolo,QB,34437,,,
Jimmy Graham,TE,302,,,
Jody Fortson,TE,73,,,
Joe Burrow,QB,56448,,,
Joe Flacco,QB,1,,,
Joe Mixon,RB,56448,,,
John Bates,TE,3,,,
John Hightower,WR,8,,,
John Kelly,RB,2,,,
John Metchie III,WR,46244,,,
John Ross,WR,6,,,
Jonathan Mingo,WR,56402,2,39,TopPicks
Jonathan Taylor,RB,56448,,,
Jonathan Ward,RB,1,,,
Jonnu Smith,TE,100,,,
Jordan Addison,WR,56448,1,23,TopPicks
Jordan Akins,TE,121,,,
Jordan Love,QB,56424,,,
Jordan Mason,RB,1443,,,
Jordan Wilkins,RB,1,,,
Joseph Ngata,WR,3,,,
Josh Adams,RB,1,,,
Josh Ali,WR,1,,,
Josh Allen,QB,56448,,,
Josh Doctson,WR,1,,,
Josh Downs,WR,30195,3,79,TopPicks
Josh Jacobs,RB,56448,,,
Josh Love,QB,2,,,
Josh Oliver,TE,138,,,
Josh Reynolds,WR,4927,,,
Josh Whyle,TE,15,5,147,MiddlePicks
Joshua Dobbs,QB,126,,,
Joshua Kelley,RB,13060,,,
Joshua Palmer,WR,29465,,,
Josiah Deguara,TE,6,,,
JuJu Smith-Schuster,WR,56448,,,
Julio Jones,WR,36,,,
Julius Chestnut,RB,19,,,
Justice Hill,RB,758,,,
Justin Fields,QB,56448,,,
Justin Hardy,WR,1,,,
Justin Herbert,QB,56448,,,
Justin Jackson,RB,1,,,
Justin Jefferson,WR,56448,,,
Justin Shorter,WR,94,5,150,MiddlePicks
Justin Watson,WR,682,,,
Justyn Ross,WR,34539,,,
Juwan Green,WR,1,,,
Juwan Johnson,TE,56293,,,
K.J. Costello,QB,1,,,
K.J. Osborn,WR,56448,,,
KJ Hamler,WR,85,,,
KaVontae Turpin,WR,38,,,
Kadarius Toney,WR,56448,,,
Kahale Warring,TE,1,,,
Kalif Raymond,WR,700,,,
Kameron Brown,WR,1,,,
Kareem Hunt,RB,43032,,,
Kayshon Boutte,WR,1010,6,187,MiddlePicks
Ke'Shawn Vaughn,RB,83,,,
Keaontay Ingram,RB,6540,,,
Kearis Jackson,WR,1,,,
Keaton Mitchell,RB,96,,,
Keelan Cole,WR,2,,,
Keenan Allen,WR,56448,,,
Keith Kirkwood,WR,1,,,
Keith Smith,FB,1,,,
Keke Coutee,WR,2,,,
Kendall Hinton,WR,2,,,
Kendre Miller,RB,56405,3,71,TopPicks
Kendrick Bourne,WR,2862,,,
Kene Nwangwu,RB,234,,,
Kenjon Barner,RB,1,,,
Kenneth Gainwell,RB,56211,,,
Kenneth Walker III,RB,56448,,,
Kenny Golladay,WR,4,,,
Kenny McIntosh,RB,519,7,237,LatePicks
Kenny Pickett,QB,56233,,,
Kenyan Drake,RB,284,,,
Kevin Harris,RB,57,,,
Keytaon Thompson,WR,1,,,
KhaDarel Hodge,WR,3,,,
Khalil Herbert,RB,56448,,,
Khalil Shakir,WR,41851,,,
Kirk Cousins,QB,56448,,,
Kirk Merritt,WR,3,,,
Kyle Allen,QB,17,,,
Kyle Juszczyk,FB,21,,,
Kyle Philips,WR,821,,,
Kyle Pitts,TE,56448,,,
Kyle Rudolph,TE,1,,,
Kyle Trask,QB,281,,,
Kylen Granson,TE,110,,,
Kyler Murray,QB,54657,,,
Kyren Williams,RB,11034,,,
La'Mical Perine,RB,9,,,
Lamar Jackson,QB,56448,,,
Lance McCutcheon,WR,2,,,
Laquon Treadwell,WR,8,,,
Larry Fitzgerald,WR,2,,,
Latavius Murray,RB,2641,,,
Laviska Shenault Jr.,WR,1170,,,
Lawrence Cager,TE,2,,,
Le'Veon Bell,RB,6,,,
LeSean McCoy,RB,1,,,
Leonard Fournette,RB,37643,,,
Lew Nichols,RB,5,7,235,LatePicks
Lil'Jordan Humphrey,WR,2,,,
Logan Thomas,TE,4626,,,
Logan Woodside,QB,1,,,
Luke Farrell,TE,1,,,
Luke Musgrave,TE,44567,2,42,TopPicks
Luke Schoonmaker,TE,2142,2,58,TopPicks
Mac Jones,QB,30169,,,
Mack Hollins,WR,11170,,,
Makai Polk,WR,1,,,
Malik Cunningham,QB,63,,,
Malik Davis,RB,5498,,,
Malik Taylor,WR,1,,,
Malik Willis,QB,54,,,
Marcus Baugh,TE,1,,,
Marcus Mariota,QB,132,,,
Mark Andrews,TE,56448,,,
Mark Ingram,RB,10,,,
Marlon Mack,RB,6,,,
Marquez Callaway,WR,302,,,
Marquez Valdes-Scantling,WR,56446,,,
Marquise Brown,WR,56448,,,
Marquise Goodwin,WR,117,,,
Marvin Jones Jr.,WR,14977,,,
Marvin Mims Jr.,WR,56268,,,
Master Teague,RB,1,,,
Matt Barkley,QB,1,,,
Matt Breida,RB,468,,,
Matt Bushman,TE,2,,,
Matt Ryan,QB,4,,,
Matt Sokol,TE,1,,,
Matthew Stafford,QB,56332,,,
Max Borghi,RB,1,,,
Max Duggan,QB,2,7,239,LatePicks
Mecole Hardman Jr.,WR,44899,,,
Melvin Gordon III,RB,668,,,
Michael Burton,FB,1,,,
Michael Carter,RB,9073,,,
Michael Gallup,WR,56448,,,
Michael Mayer,TE,41923,2,35,TopPicks
Michael Pittman Jr.,WR,56448,,,
Michael Thomas,WR,56448,,,
Michael Wilson,WR,26024,3,94,TopPicks
Mike Boone,RB,4,,,
Mike Davis,RB,1,,,
Mike Evans,WR,56448,,,
Mike Gesicki,TE,38279,,,
Mike Thomas,WR,2,,,
Mike White,QB,796,,,
Mike Williams,WR,56448,,,
Miles Sanders,RB,56448,,,
Miller Forristall,TE,1,,,
Mitch Trubisky,QB,7,,,
Mitchell Tinsley,WR,2,,,
Mitchell Wilcox,TE,1,,,
Mo Alie-Cox,TE,28,,,
Mohamed Ibrahim,RB,63,,,
Montrell Washington,WR,1,,,
MyCole Pruitt,TE,2,,,
Myles Gaskin,RB,441,,,
Myron Mitchell,WR,1,,,
N'Keal Harry,WR,4,,,
Najee Harris,RB,56448,,,
Nathan Rourke,QB,2,,,
Nelson Agholor,WR,679,,,
Nick Bowers,TE,1,,,
Nick Boyle,TE,1,,,
Nick Chubb,RB,56448,,,
Nick Foles,QB,1,,,
Nick Mullens,QB,6,,,
Nick Muse,TE,3,,,
Nick O'Leary,TE,1,,,
Nick Westbrook-Ikhine,WR,355,,,
Nico Collins,WR,56448,,,
Noah Brown,WR,92,,,
Noah Fant,TE,22322,,,
Noah Gray,TE,1864,,,
Nyheim Hines,RB,150,,,
O.J. Howard,TE,18,,,
Odell Beckham Jr.,WR,56448,,,
Olamide Zaccheaus,WR,606,,,
Osirus Mitchell,WR,2,,,
PJ Walker,QB,9,,,
Parker Washington,WR,79,6,185,MiddlePicks
Parris Campbell,WR,46673,,,
Pat Freiermuth,TE,56448,,,
Patrick Laird,RB,1,,,
Patrick Mahomes,QB,56448,,,
Patrick Ricard,FB,1,,,
Patrick Taylor,RB,4,,,
Paul Perkins,RB,1,,,
Payne Durham,TE,10,5,171,MiddlePicks
Penny Hart,WR,1,,,
Peyton Hendershot,TE,36,,,
Pharaoh Brown,TE,3,,,
Pierre Strong Jr.,RB,11794,,,
Pooka Williams,WR,2,,,
Puka Nacua,WR,17704,5,177,MiddlePicks
Quentin Johnston,WR,56448,1,21,TopPicks
Quez Watkins,WR,5053,,,
Quintin Morris,TE,1,,,
Ra'Shaun Henry,WR,1,,,
Racey McMath,WR,8,,,
Rachaad White,RB,56448,,,
Raheem Blackshear,RB,202,,,
Raheem Mostert,RB,56442,,,
Rakim Jarrett,WR,12,,,
Randall Cobb,WR,1320,,,
Rashaad Penny,RB,56448,,,
Rashard Higgins,WR,1,,,
Rashee Rice,WR,56406,2,55,TopPicks
Rashid Shaheed,WR,56340,,,
Rashod Bateman,WR,56448,,,
Ray-Ray McCloud III,WR,13,,,
Reggie Bonnafon,RB,1,,,
Rex Burkhead,RB,1,,,
Rhamondre Stevenson,RB,56448,,,
Richie James Jr.,WR,32539,,,
Ricky Ortiz,RB,1,,,
Rico Dowdle,RB,1922,,,
River Cracraft,WR,4,,,
Rob Gronkowski,TE,8,,,
Robbie Chosen,WR,1303,,,
Robert Tonyan,TE,560,,,
Robert Woods,WR,33030,,,
Rodney Adams,WR,1,,,
Rodney Smith,RB,2,,,
Romeo Doubs,WR,56448,,,
Ronald Jones,RB,429,,,
Rondale Moore,WR,56422,,,
Ronnie Bell,WR,49,7,253,LatePicks
Ronnie Rivers,RB,4,,,
Roschon Johnson,RB,56446,4,115,MiddlePicks
Ross Dwelley,TE,10,,,
Royce Freeman,RB,1,,,
Russell Gage,WR,1317,,,
Russell Wilson,QB,56447,,,
Ryan Becker,TE,1,,,
Ryan Tannehill,QB,29616,,,
SaRodorick Thompson,RB,3,,,
Salvon Ahmed,RB,197,,,
Sam Darnold,QB,921,,,
Sam Ehlinger,QB,1,,,
Sam Howell,QB,49876,,,
Sam LaPorta,TE,56279,2,34,TopPicks
Samaje Perine,RB,56448,,,
Sammy Watkins,WR,4,,,
Samori Toure,WR,171,,,
Saquon Barkley,RB,56448,,,
Scott Miller,WR,23,,,
Sean Clifford,QB,2,5,149,MiddlePicks
Sean Tucker,RB,8219,,,
Senorise Perry,RB,1,,,
Shane Buechele,QB,1,,,
Shane Zylstra,TE,4,,,
Shi Smith,WR,4,,,
Simi Fehoko,WR,4,,,
Sincere McCormick,RB,6,,,
Skylar Thompson,QB,3,,,
Skyy Moore,WR,56448,,,
Slade Bolden,WR,3,,,
Snoop Conner,RB,3,,,
Sony Michel,RB,67,,,
Spencer Brown,RB,1,,,
Stefon Diggs,WR,56448,,,
Sterling Shepard,WR,1032,,,
Stetson Bennett,QB,102,4,128,MiddlePicks
T.J. Hockenson,TE,56448,,,
T.J. Pledger,RB,1,,,
T.Y. Hilton,WR,2,,,
TJ Tampa,WR,1,,,
Taiwan Jones,RB,1,,,
Tajae Sharpe,WR,3,,,
Tank Bigsby,RB,56443,3,88,TopPicks
Tank Dell,WR,35233,3,69,TopPicks
Tanner Conner,TE,4,,,
Tanner Gentry,WR,1,,,
Tanner Morgan,QB,1,,,
Tarik Black,WR,1,,,
Taulia Tagovailoa,QB,11,,,
Tay Martin,WR,1,,,
Taylor Heinicke,QB,102,,,
Taysom Hill,TE,56260,,,
Teagan Quitoriano,TE,7,,,
Teddy Bridgewater,QB,3,,,
Tee Higgins,WR,56448,,,
Terrace Marshall Jr.,WR,16551,,,
Terry Godwin,WR,1,,,
Terry McLaurin,WR,56448,,,
Tevin Jones,WR,1,,,
Tim Jones,WR,1,,,
Tim Patrick,WR,24047,,,
Tiyon Evans,RB,3,,,
Todd Gurley,RB,8,,,
Tom Brady,QB,90,,,
Tom Kennedy,WR,1,,,
Tommy Tremble,TE,9,,,
Tony Brown,WR,1,,,
Tony Jones Jr.,RB,4,,,
Tony Pollard,RB,56448,,,
Tory Carter,FB,1,,,
Travis Etienne Jr.,RB,56448,,,
Travis Homer,RB,5,,,
Travis Kelce,TE,56448,,,
Travis Vokolek,TE,3,,,
Trayveon Williams,RB,2125,,,
Tre Nixon,WR,1,,,
Tre Tucker,WR,92,3,100,TopPicks
Tre' McKitty,TE,5,,,
Tre'Quan Smith,WR,24,,,
Trent Sherfield,WR,1711,,,
Trent Taylor,WR,1,,,
Trenton Irwin,WR,160,,,
Trestan Ebner,RB,2,,,
Trevor Lawrence,QB,56448,,,
Trevor Siemian,QB,12,,,
Trey Lance,QB,17697,,,
Trey McBride,TE,34143,,,
Trey Palmer,WR,2051,6,191,MiddlePicks
Trey Sermon,RB,51,,,
Treylon Burks,WR,56448,,,
Troy Hairston,FB,2,,,
Troymaine Pope,RB,1,,,
Tua Tagovailoa,QB,56448,,,
Tucker Kraft,TE,491,3,78,TopPicks
Tutu Atwell,WR,5328,,,
Ty Chandler,RB,41443,,,
Ty Johnson,RB,2,,,
Ty Montgomery,WR,281,,,
Ty'Son Williams,RB,2,,,
Tyjae Spears,RB,56384,3,81,TopPicks
Tylan Wallace,WR,3,,,
Tyler Allgeier,RB,56448,,,
Tyler Badie,RB,11,,,
Tyler Boyd,WR,56448,,,
Tyler Conklin,TE,54307,,,
Tyler Goodson,RB,2,,,
Tyler Higbee,TE,56448,,,
Tyler Huntley,QB,62,,,
Tyler Johnson,WR,5,,,
Tyler Kroft,TE,4,,,
Tyler Lockett,WR,56448,,,
Tyler Scott,WR,750,4,133,MiddlePicks
Tyquan Thornton,WR,33751,,,
Tyree Jackson,TE,1,,,
Tyreek Hill,WR,56448,,,
Tyrion Davis-Price,RB,204,,,
Tyrod Taylor,QB,4,,,
Tyson Bagent,QB,5,,,
Van Jefferson,WR,56100,,,
Velus Jones Jr.,WR,20,,,
Wan'Dale Robinson,WR,29938,,,
Warren Jackson,WR,1,,,
Will Dissly,TE,83,,,
Will Grier,QB,1,,,
Will Levis,QB,1372,2,33,TopPicks
Will Mallory,TE,7,5,162,MiddlePicks
Willie Snead,WR,1,,,
Xavier Gipson,WR,13,,,
Xavier Hutchinson,WR,180,6,205,LatePicks
Xazavian Valladay,RB,10,,,
Zach Charbonnet,RB,56448,2,52,TopPicks
Zach Ertz,TE,14367,,,
Zach Evans,RB,9586,6,215,LatePicks
Zach Pascal,WR,18,,,
Zach Wilson,QB,9,,,
Zack Kuntz,TE,76,7,220,LatePicks
Zack Moss,RB,7703,,,
Zamir White,RB,38709,,,
Zander Horvath,FB,1,,,
Zay Flowers,WR,56448,1,22,TopPicks
Zay Jones,WR,56448,,,
Zonovan Knight,RB,91,,,